{"schemaVersion":"1.0","appDefinitionTemplate":{"id":"/providers/Microsoft.PowerApps/apps/","type":"Microsoft.PowerApps/apps","tags":{"minimumRequiredApiVersion":"2.2.0"},"properties":{"appVersion":"2018-10-31T15:45:53Z","lifeCycleId":"Published","createdByClientVersion":{"major":3,"minor":18104,"build":19,"revision":0,"majorRevision":0,"minorRevision":0},"minClientVersion":{"major":3,"minor":18104,"build":19,"revision":0,"majorRevision":0,"minorRevision":0},"backgroundColor":"rgba(0, 176, 240, 1)","backgroundImageUri":"/4093124410684716364/Nf1b60110-574a-4390-a779-879c6bf26689-logoSmallFile","displayName":"PowerTwitter","description":"","appUris":{"documentUri":{"value":"/4093124410684716364/N56907273-7927-4fce-bc3a-b28cb2b66355-document.msapp","readonlyValue":"/4093124410684716364/N56907273-7927-4fce-bc3a-b28cb2b66355-document.msapp"},"imageUris":[]},"createdTime":"0001-01-01T00:00:00Z","lastModifiedTime":"0001-01-01T00:00:00Z","sharedGroupsCount":0,"sharedUsersCount":0,"icons":{"smallIconUri":"/4093124410684716364/N9559a020-c610-456d-b6a5-0967bb526f40-small.png","mediumIconUri":"/4093124410684716364/Nab506c0b-1205-4634-afb4-03d37cc10020-medium.png","largeIconUri":"/4093124410684716364/Nf18beb8f-4daa-4702-bc9a-a0cd8e7189d4-large.png","wideIconUri":"/4093124410684716364/N89c2a151-8610-44c2-9e0d-7fc879be27c9-wide.png"},"connectionReferences":{"aaf9b00d-4896-444f-b020-9c859b48281f":{"id":"e68ebc1b-6a1e-401e-95d9-0bbe10f74d6d","displayName":"Twitter","iconUri":"https://connectoricons-prod.azureedge.net/twitter/icon_1.0.1029.1214.png","dataSources":["Twitter"],"dependencies":[],"dependents":[],"parameterHints":{},"isOnPremiseConnection":false,"bypassConsent":false,"dataSets":{},"apiTier":"Standard"},"c47a1f08-22a5-4c98-a018-e7243e048f3d":{"id":"6969166f-8304-43ca-96aa-bee40836ef44","displayName":"Text Analytics","iconUri":"https://connectoricons-prod.azureedge.net/cognitiveservicestextanalytics/icon_1.0.1008.1183.png","dataSources":["TextAnalytics"],"dependencies":[],"dependents":[],"parameterHints":{},"isOnPremiseConnection":false,"sharedConnectionId":"53159286-d904-466f-96ad-725de7391eee","bypassConsent":false,"dataSets":{},"apiTier":"Standard"}},"almMode":"Environment"}}}