{"schemaVersion":"1.0","appDefinitionTemplate":{"id":"/providers/Microsoft.PowerApps/apps/","type":"Microsoft.PowerApps/apps","tags":{"minimumRequiredApiVersion":"2.2.0"},"properties":{"appVersion":"2018-11-08T21:56:00Z","lifeCycleId":"Published","createdByClientVersion":{"major":3,"minor":18105,"build":16,"revision":0,"majorRevision":0,"minorRevision":0},"minClientVersion":{"major":3,"minor":18105,"build":16,"revision":0,"majorRevision":0,"minorRevision":0},"backgroundColor":"rgba(0, 176, 240, 1)","backgroundImageUri":"/4093124410684716364/Nbcddef5c-0007-4f1e-990c-fa564d6ba6dc-logoSmallFile","displayName":"PowerTwitter","description":"","appUris":{"documentUri":{"value":"/4093124410684716364/N9befdd3f-748b-4153-a041-8b341b703821-document.msapp","readonlyValue":"/4093124410684716364/N9befdd3f-748b-4153-a041-8b341b703821-document.msapp"},"imageUris":[]},"createdTime":"0001-01-01T00:00:00Z","lastModifiedTime":"0001-01-01T00:00:00Z","sharedGroupsCount":0,"sharedUsersCount":0,"icons":{"smallIconUri":"/4093124410684716364/Nd159150d-b6b4-4ca5-8e82-f1b39be96b4e-small.png","mediumIconUri":"/4093124410684716364/N1394d356-3d08-4367-9348-759781005171-medium.png","largeIconUri":"/4093124410684716364/N78b009c1-f93f-466a-82b9-bcd7851b8296-large.png","wideIconUri":"/4093124410684716364/N21578acb-f52a-4f86-a76b-8af5cd36791c-wide.png"},"connectionReferences":{"aaf9b00d-4896-444f-b020-9c859b48281f":{"id":"e68ebc1b-6a1e-401e-95d9-0bbe10f74d6d","displayName":"Twitter","iconUri":"https://connectoricons-prod.azureedge.net/twitter/icon_1.0.1029.1214.png","dataSources":["Twitter"],"dependencies":[],"dependents":[],"parameterHints":{},"isOnPremiseConnection":false,"bypassConsent":false,"dataSets":{},"apiTier":"Standard"},"c47a1f08-22a5-4c98-a018-e7243e048f3d":{"id":"6969166f-8304-43ca-96aa-bee40836ef44","displayName":"Text Analytics","iconUri":"https://connectoricons-prod.azureedge.net/cognitiveservicestextanalytics/icon_1.0.1008.1183.png","dataSources":["TextAnalytics"],"dependencies":[],"dependents":[],"parameterHints":{},"isOnPremiseConnection":false,"sharedConnectionId":"53159286-d904-466f-96ad-725de7391eee","bypassConsent":false,"dataSets":{},"apiTier":"Standard"}},"almMode":"Environment"}}}