{"schemaVersion":"1.0","appDefinitionTemplate":{"id":"/providers/Microsoft.PowerApps/apps/","type":"Microsoft.PowerApps/apps","tags":{"minimumRequiredApiVersion":"2.2.0"},"properties":{"appVersion":"2018-11-16T00:39:24Z","lifeCycleId":"Published","createdByClientVersion":{"major":3,"minor":18111,"build":15,"revision":0,"majorRevision":0,"minorRevision":0},"minClientVersion":{"major":3,"minor":18111,"build":15,"revision":0,"majorRevision":0,"minorRevision":0},"backgroundColor":"rgba(0, 176, 240, 1)","backgroundImageUri":"/4093124410684716364/N0bce4d58-b148-494c-9936-a5b90bd6ea9f-logoSmallFile","displayName":"PowerTwitter","description":"","appUris":{"documentUri":{"value":"/4093124410684716364/Nf913ac10-8329-4abf-99b7-23a683355c77-document.msapp","readonlyValue":"/4093124410684716364/Nf913ac10-8329-4abf-99b7-23a683355c77-document.msapp"},"imageUris":[]},"createdTime":"0001-01-01T00:00:00Z","lastModifiedTime":"0001-01-01T00:00:00Z","sharedGroupsCount":0,"sharedUsersCount":0,"icons":{"smallIconUri":"/4093124410684716364/Nd088a105-3bc0-446d-a98b-856e1486c0be-small.png","mediumIconUri":"/4093124410684716364/Nc17f9eb9-49f6-4c0c-b6e9-3c139df7c44a-medium.png","largeIconUri":"/4093124410684716364/N43eb4e4d-0781-4b02-8352-217784395405-large.png","wideIconUri":"/4093124410684716364/N7bba0da1-aa6d-48a5-83cd-78e048c6490d-wide.png"},"connectionReferences":{"aaf9b00d-4896-444f-b020-9c859b48281f":{"id":"e68ebc1b-6a1e-401e-95d9-0bbe10f74d6d","displayName":"Twitter","iconUri":"https://connectoricons-prod.azureedge.net/twitter/icon_1.0.1029.1214.png","dataSources":["Twitter"],"dependencies":[],"dependents":[],"parameterHints":{},"isOnPremiseConnection":false,"bypassConsent":false,"dataSets":{},"apiTier":"Standard"},"c47a1f08-22a5-4c98-a018-e7243e048f3d":{"id":"6969166f-8304-43ca-96aa-bee40836ef44","displayName":"Text Analytics","iconUri":"https://connectoricons-prod.azureedge.net/cognitiveservicestextanalytics/icon_1.0.1008.1183.png","dataSources":["TextAnalytics"],"dependencies":[],"dependents":[],"parameterHints":{},"isOnPremiseConnection":false,"sharedConnectionId":"53159286-d904-466f-96ad-725de7391eee","bypassConsent":false,"dataSets":{},"apiTier":"Standard"}},"almMode":"Environment"}}}