{"schemaVersion":"1.0","appDefinitionTemplate":{"id":"/providers/Microsoft.PowerApps/apps/","type":"Microsoft.PowerApps/apps","tags":{"minimumRequiredApiVersion":"2.2.0"},"properties":{"appVersion":"2019-02-19T22:18:30Z","lifeCycleId":"Published","createdByClientVersion":{"major":3,"minor":19021,"build":13,"revision":0,"majorRevision":0,"minorRevision":0},"minClientVersion":{"major":3,"minor":19021,"build":13,"revision":0,"majorRevision":0,"minorRevision":0},"backgroundColor":"rgba(0, 176, 240, 1)","backgroundImageUri":"/4093124410684716364/N3ae78830-0764-4562-808f-de8aa48a8027-logoSmallFile","displayName":"PowerTwitter","description":"","appUris":{"documentUri":{"value":"/4093124410684716364/Nae95b787-32fe-44ea-92be-78a0e4102572-document.msapp","readonlyValue":"/4093124410684716364/Nae95b787-32fe-44ea-92be-78a0e4102572-document.msapp"},"imageUris":[]},"createdTime":"0001-01-01T00:00:00Z","lastModifiedTime":"0001-01-01T00:00:00Z","sharedGroupsCount":0,"sharedUsersCount":0,"icons":{"smallIconUri":"/4093124410684716364/Nd2f93d54-f4e3-40e7-9c37-f9b7f92b7a0a-small.png","mediumIconUri":"/4093124410684716364/N0c430ff1-9d88-4066-888f-d93f95cf3d15-medium.png","largeIconUri":"/4093124410684716364/Nbf13dc77-07d7-4815-8efc-d43c4f7aa52f-large.png","wideIconUri":"/4093124410684716364/Nc4bd01c7-0c19-48a0-8638-8e4751493af8-wide.png"},"connectionReferences":{"c47a1f08-22a5-4c98-a018-e7243e048f3d":{"id":"6969166f-8304-43ca-96aa-bee40836ef44","displayName":"Text Analytics","iconUri":"https://connectoricons-prod.azureedge.net/cognitiveservicestextanalytics/icon_1.0.1008.1183.png","dataSources":["TextAnalytics"],"dependencies":[],"dependents":[],"parameterHints":{},"isOnPremiseConnection":false,"sharedConnectionId":"53159286-d904-466f-96ad-725de7391eee","bypassConsent":false,"dataSets":{},"apiTier":"Standard","isCustomApiConnection":false},"8984fee4-e36e-413b-a816-14beeec75ce0":{"id":"e68ebc1b-6a1e-401e-95d9-0bbe10f74d6d","displayName":"Twitter","iconUri":"https://connectoricons-prod.azureedge.net/twitter/icon_1.0.1029.1214.png","dataSources":["Twitter"],"dependencies":[],"dependents":[],"parameterHints":{},"isOnPremiseConnection":false,"bypassConsent":false,"dataSets":{},"apiTier":"Standard","isCustomApiConnection":false}},"almMode":"Environment"}}}