{"name":"c338fddd-c531-4b4e-8720-430d3c2fe079","id":"/providers/Microsoft.Flow/flows/c338fddd-c531-4b4e-8720-430d3c2fe079","type":"Microsoft.Flow/flows","properties":{"apiId":"/providers/Microsoft.PowerApps/apis/shared_logicflows","displayName":"Get PowerTweets","definition":{"metadata":{"workflowEntityId":null,"creator":{"id":"f81aaf4f-4ace-4be5-9e01-92f512d9f46c","type":"User","tenantId":"13f08123-8804-47bf-a287-56fb2c247484"},"provisioningMethod":"FromDefinition","failureAlertSubscription":true,"clientLastModifiedTime":"2019-05-31T11:13:41.6173225Z"},"$schema":"https://schema.management.azure.com/providers/Microsoft.Logic/schemas/2016-06-01/workflowdefinition.json#","contentVersion":"1.0.0.0","parameters":{"$connections":{"defaultValue":{},"type":"Object"},"$authentication":{"defaultValue":{},"type":"SecureObject"}},"triggers":{"manual":{"type":"Request","kind":"Http","inputs":{"schema":{},"method":"GET"}}},"actions":{"List_records":{"runAfter":{},"metadata":{"flowSystemMetadata":{"swaggerOperationId":"GetItems_V2"}},"type":"ApiConnection","inputs":{"host":{"connection":{"name":"@parameters('$connections')['shared_commondataservice']['connectionId']"},"api":{"runtimeUrl":"https://europe-002.azure-apim.net/apim/commondataservice"}},"method":"get","path":"/v2/datasets/@{encodeURIComponent(encodeURIComponent('org3a99381b.crm4'))}/tables/@{encodeURIComponent(encodeURIComponent('cr825_powertweetses'))}/items","authentication":"@parameters('$authentication')"}},"Response":{"runAfter":{"List_records":["Succeeded"]},"type":"Response","kind":"Http","inputs":{"statusCode":200,"body":"@body('List_records')?['value']"}}}},"connectionReferences":{"shared_commondataservice":{"connectionName":"4baad7caa41f4484aff29d9dadc4bb0b","source":"Embedded","id":"/providers/Microsoft.PowerApps/apis/shared_commondataservice","tier":"NotSpecified"}},"flowFailureAlertSubscribed":false}}