{"name":"fcf21e8f-5ee0-4276-8a16-639b4ac18f1b","id":"/providers/Microsoft.Flow/flows/fcf21e8f-5ee0-4276-8a16-639b4ac18f1b","type":"Microsoft.Flow/flows","properties":{"apiId":"/providers/Microsoft.PowerApps/apis/shared_logicflows","displayName":"Excel calculated","definition":{"metadata":{"workflowEntityId":null,"creator":{"id":"929ce39b-16a7-47a5-b8bf-dc2b7bfdd0b1","type":"User","tenantId":"fdc90c70-0811-412c-8551-e5706c9b92da"},"provisioningMethod":"FromDefinition","failureAlertSubscription":true,"clientLastModifiedTime":"2019-09-26T22:45:02.7233031Z"},"$schema":"https://schema.management.azure.com/providers/Microsoft.Logic/schemas/2016-06-01/workflowdefinition.json#","contentVersion":"1.0.0.0","parameters":{"$connections":{"defaultValue":{},"type":"Object"},"$authentication":{"defaultValue":{},"type":"SecureObject"}},"triggers":{"manual":{"type":"Request","kind":"PowerApp","inputs":{"schema":{"type":"object","properties":{},"required":[]}}}},"actions":{"List_rows_present_in_a_table":{"runAfter":{},"metadata":{"0172YQQ4MUOGFVCDHYKFFKXZMYGV3R4MO4":"/Calc.xlsx","flowSystemMetadata":{"swaggerOperationId":"GetItems"},"0172YQQ4ONBNQPYVFJYZHIXDHBD7UYCHLK":"/Calculated.xlsx","01ITJS25ZZGFP6SN2Y6ZD3QOGMAYFMN6GH":"/Calculated.xlsx"},"type":"ApiConnection","inputs":{"host":{"connection":{"name":"@json(decodeBase64(triggerOutputs().headers['X-MS-APIM-Tokens']))['$connections']['shared_excelonlinebusiness_1']['connectionId']"},"api":{"runtimeUrl":"https://europe-002.azure-apim.net/apim/excelonlinebusiness"}},"method":"get","path":"/drives/@{encodeURIComponent('b!1ETZR1y9g0CN-ePTpI3B2OflqRADvABPtbospcnGk-GsZ-FlL3RnRobW7tptnjF4')}/files/@{encodeURIComponent('01ITJS25ZZGFP6SN2Y6ZD3QOGMAYFMN6GH')}/tables/@{encodeURIComponent('{BC1D8973-56C6-4275-B885-8F6D8583980F}')}/items","queries":{"source":"me"},"authentication":{"type":"Raw","value":"@json(decodeBase64(triggerOutputs().headers['X-MS-APIM-Tokens']))['$ConnectionKey']"}}},"Select":{"runAfter":{"List_rows_present_in_a_table":["Succeeded"]},"type":"Select","inputs":{"from":"@body('List_rows_present_in_a_table')?['value']","select":{"Name":"@item()?['Name']","Age":"@item()?['Years to retirement']"}}},"Join":{"runAfter":{"Select":["Succeeded"]},"type":"Join","inputs":{"from":"@body('Select')","joinWith":";"}},"Respond_to_a_PowerApp_or_flow":{"runAfter":{"Join":["Succeeded"]},"type":"Response","kind":"PowerApp","inputs":{"statusCode":200,"body":{"response":"@body('Join')"},"schema":{"type":"object","properties":{"response":{"title":"response","x-ms-dynamically-added":true,"type":"string"}}}}}},"outputs":{},"description":"Create one or more actions to happen when a button or link in PowerApps is selected. To use this flow from a PowerApp, select the control you want to trigger the flow and go to the Action tab in the PowerApps ribbon and select Flows."},"connectionReferences":{"shared_excelonlinebusiness_1":{"connectionName":"1f4e56a97f0c4cf5a62e0a4f1a5ee8b7","source":"Invoker","id":"/providers/Microsoft.PowerApps/apis/shared_excelonlinebusiness","tier":"NotSpecified"}},"flowFailureAlertSubscribed":false}}