{"schemaVersion":"1.0","appDefinitionTemplate":{"id":"/providers/Microsoft.PowerApps/apps/","type":"Microsoft.PowerApps/apps","tags":{"minimumRequiredApiVersion":"2.2.0"},"properties":{"appVersion":"2018-10-31T13:33:30Z","lifeCycleId":"Published","createdByClientVersion":{"major":3,"minor":18104,"build":19,"revision":0,"majorRevision":0,"minorRevision":0},"minClientVersion":{"major":3,"minor":18104,"build":19,"revision":0,"majorRevision":0,"minorRevision":0},"backgroundColor":"rgba(0, 176, 240, 1)","backgroundImageUri":"/8603618834409864731/Nf8599f0f-01bb-41a8-9028-9172e2fd5927-logoSmallFile","displayName":"PowerTwitter","description":"","appUris":{"documentUri":{"value":"/8603618834409864731/N048d35a1-3379-4536-b13e-4b42696c92ab-document.msapp","readonlyValue":"/8603618834409864731/N048d35a1-3379-4536-b13e-4b42696c92ab-document.msapp"},"imageUris":[]},"createdTime":"0001-01-01T00:00:00Z","lastModifiedTime":"0001-01-01T00:00:00Z","sharedGroupsCount":0,"sharedUsersCount":0,"icons":{"smallIconUri":"/8603618834409864731/N82f2e433-4754-4512-be18-03292201b59b-small.png","mediumIconUri":"/8603618834409864731/Nb37ad91b-7a03-467b-9aed-71f24bc685cf-medium.png","largeIconUri":"/8603618834409864731/N32ad5b54-fc42-4fa6-84e7-ccf63af0190b-large.png","wideIconUri":"/8603618834409864731/N73b6f148-aaec-4ddc-a3ba-f4dccb05dccb-wide.png"},"connectionReferences":{"aaf9b00d-4896-444f-b020-9c859b48281f":{"id":"c551a156-be9e-4f23-b168-c17d24d7566c","displayName":"Twitter","iconUri":"https://connectoricons-prod.azureedge.net/twitter/icon_1.0.1029.1214.png","dataSources":["Twitter"],"dependencies":[],"dependents":[],"parameterHints":{},"isOnPremiseConnection":false,"bypassConsent":false,"dataSets":{},"apiTier":"Standard"},"c47a1f08-22a5-4c98-a018-e7243e048f3d":{"id":"e6352aa2-b6a1-4e6d-89cb-d17ce6815b06","displayName":"Text Analytics","iconUri":"https://connectoricons-prod.azureedge.net/cognitiveservicestextanalytics/icon_1.0.1008.1183.png","dataSources":["TextAnalytics"],"dependencies":[],"dependents":[],"parameterHints":{},"isOnPremiseConnection":false,"sharedConnectionId":"47342714-9cf7-4073-8505-6901c7a96111","bypassConsent":false,"dataSets":{},"apiTier":"Standard"}},"almMode":"Environment"}}}