{"schemaVersion":"1.0","appDefinitionTemplate":{"id":"/providers/Microsoft.PowerApps/apps/","type":"Microsoft.PowerApps/apps","tags":{"minimumRequiredApiVersion":"2.2.0"},"properties":{"appVersion":"2018-10-29T23:12:35Z","lifeCycleId":"Published","createdByClientVersion":{"major":3,"minor":18103,"build":23,"revision":0,"majorRevision":0,"minorRevision":0},"minClientVersion":{"major":3,"minor":18103,"build":23,"revision":0,"majorRevision":0,"minorRevision":0},"backgroundColor":"rgba(0, 176, 240, 1)","backgroundImageUri":"/8603618834409864731/Nef5dbe44-c42c-44cd-a380-26c08ebed5fb-logoSmallFile","displayName":"PowerTwitter","description":"","appUris":{"documentUri":{"value":"/8603618834409864731/Ncd876236-3254-411a-9c57-f86c469562ea-document.msapp","readonlyValue":"/8603618834409864731/Ncd876236-3254-411a-9c57-f86c469562ea-document.msapp"},"imageUris":[]},"createdTime":"0001-01-01T00:00:00Z","lastModifiedTime":"0001-01-01T00:00:00Z","sharedGroupsCount":0,"sharedUsersCount":0,"icons":{"smallIconUri":"/8603618834409864731/N42b5d065-6c2e-4c97-8af1-43adc51d00cc-small.png","mediumIconUri":"/8603618834409864731/Nbb0b6606-e0cb-4dbc-9887-0a853f6d6aed-medium.png","largeIconUri":"/8603618834409864731/Nccde2656-462e-425f-bc0f-c5f8b1a82172-large.png","wideIconUri":"/8603618834409864731/Nb88f3d27-fa8e-43ab-a0c0-6c1af34c4397-wide.png"},"connectionReferences":{"aaf9b00d-4896-444f-b020-9c859b48281f":{"id":"c551a156-be9e-4f23-b168-c17d24d7566c","displayName":"Twitter","iconUri":"https://connectoricons-prod.azureedge.net/twitter/icon_1.0.1029.1214.png","dataSources":["Twitter"],"dependencies":[],"dependents":[],"parameterHints":{},"isOnPremiseConnection":false,"bypassConsent":false,"dataSets":{},"apiTier":"Standard"},"c47a1f08-22a5-4c98-a018-e7243e048f3d":{"id":"e6352aa2-b6a1-4e6d-89cb-d17ce6815b06","displayName":"Text Analytics","iconUri":"https://connectoricons-prod.azureedge.net/cognitiveservicestextanalytics/icon_1.0.1008.1183.png","dataSources":["TextAnalytics"],"dependencies":[],"dependents":[],"parameterHints":{},"isOnPremiseConnection":false,"sharedConnectionId":"47342714-9cf7-4073-8505-6901c7a96111","bypassConsent":false,"dataSets":{},"apiTier":"Standard"}},"almMode":"Environment"}}}