{"schemaVersion":"1.0","appDefinitionTemplate":{"id":"/providers/Microsoft.PowerApps/apps/","type":"Microsoft.PowerApps/apps","tags":{"minimumRequiredApiVersion":"2.2.0"},"properties":{"appVersion":"2018-11-18T23:40:40Z","lifeCycleId":"Published","createdByClientVersion":{"major":3,"minor":18111,"build":15,"revision":0,"majorRevision":0,"minorRevision":0},"minClientVersion":{"major":3,"minor":18111,"build":15,"revision":0,"majorRevision":0,"minorRevision":0},"backgroundColor":"rgba(0, 176, 240, 1)","backgroundImageUri":"/4093124410684716364/Nfd57e04a-23e7-45ab-bfee-3a43c5dfe3c6-logoSmallFile","displayName":"PowerTwitter","description":"","appUris":{"documentUri":{"value":"/4093124410684716364/Nf05f617d-d2bc-487a-a94c-ed9284469a33-document.msapp","readonlyValue":"/4093124410684716364/Nf05f617d-d2bc-487a-a94c-ed9284469a33-document.msapp"},"imageUris":[]},"createdTime":"0001-01-01T00:00:00Z","lastModifiedTime":"0001-01-01T00:00:00Z","sharedGroupsCount":0,"sharedUsersCount":0,"icons":{"smallIconUri":"/4093124410684716364/N2cdd56f6-90db-4b21-b3f0-97445f8246ee-small.png","mediumIconUri":"/4093124410684716364/N1b1be966-c67c-4a68-bd6f-c9c7993f5dc2-medium.png","largeIconUri":"/4093124410684716364/N22e41d93-ff65-4988-b9d9-aed118007e16-large.png","wideIconUri":"/4093124410684716364/N0b05fe35-61e3-4338-b850-63fc45b8bbe4-wide.png"},"connectionReferences":{"c47a1f08-22a5-4c98-a018-e7243e048f3d":{"id":"6969166f-8304-43ca-96aa-bee40836ef44","displayName":"Text Analytics","iconUri":"https://connectoricons-prod.azureedge.net/cognitiveservicestextanalytics/icon_1.0.1008.1183.png","dataSources":["TextAnalytics"],"dependencies":[],"dependents":[],"parameterHints":{},"isOnPremiseConnection":false,"sharedConnectionId":"53159286-d904-466f-96ad-725de7391eee","bypassConsent":false,"dataSets":{},"apiTier":"Standard"},"344786b1-194a-4666-9480-051b3a9df5a9":{"id":"e68ebc1b-6a1e-401e-95d9-0bbe10f74d6d","displayName":"Twitter","iconUri":"https://connectoricons-prod.azureedge.net/twitter/icon_1.0.1029.1214.png","dataSources":["Twitter"],"dependencies":[],"dependents":[],"parameterHints":{},"isOnPremiseConnection":false,"bypassConsent":false,"dataSets":{},"apiTier":"Standard"}},"almMode":"Environment"}}}